Cuota,Interes,Amortizacion,Saldo Restante
1,400000.0,40258.74432762677,59959741.25567237
2,399731.6083711491,40527.135956477665,59919214.11971589
3,399461.4274647726,40797.316862854175,59878416.80285304
4,399189.44535235356,41069.29897527321,59837347.50387777
5,398915.65002585173,41343.09430177504,59796004.40957599
6,398640.02939717326,41618.71493045351,59754385.69464554
7,398362.5712976369,41896.17302998988,59712489.52161555
8,398083.26347743697,42175.48085018981,59670314.04076536
9,397802.0936051024,42456.650722524384,59627857.390042834
10,397519.0492669522,42739.69506067457,59585117.694982156
11,397234.11796654767,43024.62636107911,59542093.06862108
12,396947.2871241405,43311.457203486294,59498781.61141759
13,396658.5440761173,43600.200251509494,59455181.41116608
14,396367.8760744405,43890.86825318629,59411290.54291289
15,396075.2702860859,44183.474041540874,59367107.06887135
16,395780.71379247564,44478.030535151134,59322629.038336195
17,395484.19358890795,44774.550738718826,59277854.48759747
18,395185.69658398314,45073.047743643634,59232781.43985383
19,394885.20959902555,45373.534728601226,59187407.90512523
20,394582.7193675015,45676.02496012527,59141731.88016511
21,394278.21253443405,45980.53179319273,59095751.348371916
22,393971.6756558127,46287.06867181405,59049464.2797001
23,393663.09519800066,46595.64912962611,59002868.63057047
24,393352.45753713645,46906.286790490325,58955962.34377998
25,393039.74895853316,47218.99536909361,58908743.34841089
26,392724.9556560726,47533.78867155418,58861209.55973934
27,392408.0637315955,47850.68059603125,58813358.879143305
28,392089.0591942887,48169.68513333809,58765189.19400997
29,391767.9279600664,48490.81636756036,58716698.37764241
30,391444.65585094935,48814.088476677425,58667884.28916573
31,391119.2285944382,49139.5157331886,58618744.77343254
32,390791.63182288356,49467.112504743214,58569277.660927795
33,390461.8510728519,49796.893254774855,58519480.76767302
34,390129.8717844868,50128.872543139965,58469351.89512988
35,389795.67930086586,50463.065026760916,58418888.83010312
36,389459.25886735413,50799.48546027264,58368089.34464285
37,389120.5956309523,51138.1486966745,58316951.19594617
38,388779.67463964113,51479.06968798564,58265472.12625819
39,388436.48084172123,51822.26348590554,58213649.86277228
40,388090.9990851485,52167.74524247827,58161482.1175298
41,387743.2141168653,52515.53021076147,58108966.58731904
42,387393.1105821269,52865.63374549989,58056100.95357354
43,387040.6730238236,53218.07130380318,58002882.88226974
44,386685.8858817982,53572.85844582855,57949310.02382391
45,386328.73349215934,53930.01083546743,57895380.01298844
46,385969.20008658955,54289.54424103722,57841090.46874741
47,385607.26979164936,54651.47453597741,57786438.99421143
48,385242.9266280762,55015.81769955059,57731423.17651188
49,384876.1545100791,55382.58981754765,57676040.58669433
50,384506.93724462885,55751.807082997926,57620288.779611334
51,384135.2585307422,56123.485796884575,57564165.29381445
52,383761.10195876297,56497.6423688638,57507667.65144559
53,383384.45100963727,56874.293317989504,57450793.3581276
54,383005.289054184,57253.455273442785,57393539.90285416
55,382623.59935236105,57635.14497526572,57335904.75787889
56,382239.36505252594,58019.37927510083,57277885.37860379
57,381852.5691906919,58406.17513693485,57219479.20346686
58,381463.1946897791,58795.5496378477,57160683.653829016
59,381071.22435886005,59187.51996876672,57101496.133860245
60,380676.6408924016,59582.103435225144,57041914.03042502
61,380279.4268695001,59979.317458126694,56981934.71296689
62,379879.56475311256,60379.179574514215,56921555.53339238
63,379477.03688928246,60781.70743834431,56860773.825954035
64,379071.8255063602,61186.91882126656,56799586.90713277
65,378663.91271421843,61594.83161340834,56737992.07551936
66,378253.28050346236,62005.46382416441,56675986.61169519
67,377839.9107446346,62418.8335829922,56613567.7781122
68,377423.7851874147,62834.9591402121,56550732.81897199
69,377004.88545981323,63253.85886781354,56487478.960104175
70,376583.19306736114,63675.55126026564,56423803.40884391
71,376158.6893922927,64100.054935334076,56359703.353908576
72,375731.3556927238,64527.38863490295,56295175.96527367
73,375301.1731018245,64957.5712258023,56230218.39404787
74,374868.1226269858,65390.621700641,56164827.77234723
75,374432.18514898146,65826.55917864532,56099001.213168584
76,373993.3414211239,66265.40290650289,56032735.810262084
77,373551.5720684139,66707.17225921288,55966028.63800287
78,373106.8575866858,67151.88674094097,55898876.751261935
79,372659.1783417462,67599.56598588056,55831277.185276054
80,372208.514568507,68050.2297591198,55763226.955516934
81,371754.84637011285,68503.89795751392,55694723.05755942
82,371298.1537170628,68960.59061056399,55625762.46694886
83,370838.4164463257,69420.32788130105,55556342.13906756
84,370375.61426045035,69883.13006717642,55486459.00900038
85,369909.7267266692,70349.0176009576,55416109.99139942
86,369440.7332759961,70818.01105163066,55345291.98034779
87,368968.61320231855,71290.13112530822,55274001.84922248
88,368493.3456614832,71765.39866614359,55202236.45055634
89,368014.9096703756,72243.8346572512,55129992.615899086
90,367533.28410599387,72725.46022163291,55057267.15567745
91,367048.44770451635,73210.29662311042,54984056.85905434
92,366560.37906036223,73698.36526726454,54910358.49378708
93,366069.0566252472,74189.6877023796,54836168.8060847
94,365574.45870723133,74684.28562039544,54761484.5204643
95,365076.563469762,75182.18085786479,54686302.339606434
96,364575.34893070953,75683.39539691724,54610618.944209516
97,364070.79296139674,76187.95136623003,54534430.992843285
98,363562.87328562187,76695.8710420049,54457735.12180128
99,363051.56747867516,77207.17684895161,54380527.94495233
100,362536.8529663489,77721.8913612779,54302806.05359105
101,362018.7070239403,78240.03730368649,54224566.016287364
102,361497.10677524906,78761.63755237771,54145804.37873498
103,360972.0291915665,79286.71513606026,54066517.663598925
104,360443.4510906595,79815.29323696729,53986702.370361954
105,359911.34913574636,80347.39519188041,53906354.975170076
106,359375.69983446714,80883.04449315963,53825471.930676915
107,358836.47953784605,81422.26478978072,53744049.66588713
108,358293.6644392475,81965.07988837926,53662084.58599875
109,357747.230573325,82511.51375430176,53579573.07224445
110,357197.153814963,83061.59051266377,53496511.48173179
111,356643.4098782119,83615.33444941486,53412896.14728237
112,356085.9743152158,84172.770012411,53328723.37726996
113,355524.82251513307,84733.9218124937,53243989.455457464
114,354959.9297030497,85298.81462457706,53158690.640832886
115,354391.27093888586,85867.47338874091,53072823.16744415
116,353818.8211162943,86439.92321133247,52986383.24423281
117,353242.554961552,87016.18936607474,52899367.05486674
118,352662.4470324449,87596.2972951819,52811770.757571556
119,352078.47171714366,88180.27261048311,52723590.48496107
120,351490.6032330738,88768.141094553,52634822.34386652
121,350898.81562577677,89359.92870185,52545462.41516467
122,350303.08276776446,89955.66155986232,52455506.75360481
123,349703.3783573654,90555.3659702614,52364951.387634546
124,349099.6759175636,91159.06841006316,52273792.319224484
125,348491.9487948299,91766.79553279688,52182025.523691684
126,347880.17015794455,92378.57416968222,52089646.949522
127,347264.3129968133,92994.43133081344,51996652.51819119
128,346644.3501212746,93614.39420635218,51903038.123984836
129,346020.2541598989,94238.49016772787,51808799.63381711
130,345391.9975587807,94866.74676884606,51713932.88704826
131,344759.55258032173,95499.19174730504,51618433.69530095
132,344122.8913020063,96135.85302562045,51522297.84227533
133,343481.9856151688,96776.75871245796,51425521.08356287
134,342836.8072237525,97421.93710387428,51328099.146459
135,342187.32764305995,98071.41668456682,51230027.72977443
136,341533.5181984962,98725.22612913058,51131302.5036453
137,340875.35002430197,99383.3943033248,51031919.10934198
138,340212.79406227986,100045.95026534691,50931873.15907663
139,339545.8210605109,100712.9232671159,50831160.23580951
140,338874.4015720634,101384.34275556338,50729775.89305395
141,338198.50595369295,102060.23837393383,50627715.65468001
142,337518.1043645334,102740.63996309339,50524975.01471692
143,336833.1667647795,103425.57756284729,50421549.43715408
144,336143.66291436047,104115.0814132663,50317434.35574081
145,335449.56237160537,104809.1819560214,50212625.173784785
146,334750.83449189854,105507.90983572823,50107117.26394906
147,334047.448426327,106211.29590129975,50000905.96804776
148,333339.3731203184,106919.37120730837,49893986.59684045
149,332626.57731226966,107632.16701535712,49786354.42982509
150,331909.02953216725,108349.71479545953,49678004.71502963
151,331186.6981001975,109072.0462274293,49568932.668802194
152,330459.55112534796,109799.19320227881,49459133.475599915
153,329727.5565039994,110531.18782362738,49348602.287776284
154,328990.68191850855,111268.06240911823,49237334.225367166
155,328248.8948357811,112009.8494918457,49125324.375875324
156,327502.16250583547,112756.5818217913,49012567.79405353
157,326750.45196035685,113508.29236726993,48899059.50168626
158,325993.7300112417,114265.01431638509,48784794.48736987
159,325231.96324913244,115026.78107849433,48669767.70629138
160,324465.1180419425,115793.6262856843,48553974.08000569
161,323693.16053337127,116565.58379425551,48437408.49621143
162,322916.0566414095,117342.68768621725,48320065.80852521
163,322133.7720568347,118124.97227079206,48201940.83625442
164,321346.2722416961,118912.4720859307,48083028.36416849
165,320553.52242778987,119705.2218998369,47963323.14226865
166,319755.4876151243,120503.25671250245,47842819.88555615
167,318952.1325703743,121306.61175725248,47721513.27379889
168,318143.42182532593,122115.32250230084,47599397.95129659
169,317329.3196753106,122929.4246523162,47476468.526644275
170,316509.79017762846,123748.95414999832,47352719.572494276
171,315684.7971499618,124573.94717766496,47228145.62531661
172,314854.3041687774,125404.44015884935,47102741.18515776
173,314018.2745677184,126240.46975990839,46976500.71539785
174,313176.67143598566,127082.07289164112,46849418.64250621
175,312329.45761670807,127929.2867109187,46721489.355795294
176,311476.59570530197,128782.1486223248,46592707.20717297
177,310618.04804781976,129640.69627980702,46463066.51089316
178,309753.7767392877,130504.96758833906,46332561.543304816
179,308883.7436220321,131375.00070559466,46201186.54259922
180,308007.9102839948,132250.83404363197,46068935.708555594
181,307126.2380570373,133132.50627058948,45935803.20228501
182,306238.6880152334,134020.0563123934,45801783.14597261
183,305345.2209731507,134913.52335447608,45666869.62261813
184,304445.7974841209,135812.9468435059,45531056.67577463
185,303540.3778384975,136718.36648912926,45394338.3092855
186,302628.9220619033,137629.8222657235,45256708.48701978
187,301711.3899134652,138547.3544141616,45118161.13260561
188,300787.7408840374,139471.00344358938,44978690.12916202
189,299857.9341944135,140400.8101332133,44838289.31902881
190,298921.9287935254,141336.8155341014,44696952.50349471
191,297979.6833566314,142279.0609709954,44554673.44252372
192,297031.1562834914,143227.58804413537,44411445.85447958
193,296076.3056965305,144182.43863109627,44267263.415848486
194,295115.0894389899,145143.6548886369,44122119.76095985
195,294147.46507306566,146111.27925456112,43976008.481705286
196,293173.38987803523,147085.35444959154,43828923.12725569
197,292192.82084837125,148065.92347925552,43680857.203776434
198,291205.71469184285,149053.02963578393,43531804.17414065
199,290212.02782760427,150046.7165000225,43381757.457640626
200,289211.7163842708,151047.02794335596,43230710.42969727
201,288204.73619798175,152054.00812964502,43078656.42156763
202,287191.04281045083,153067.70151717594,42925588.72005045
203,286170.59146700293,154088.15286062384,42771500.56718982
204,285143.3371145988,155115.407213028,42616385.159976795
205,284109.2343998453,156149.50992778147,42460235.650049016
206,283068.2376669934,157190.50666063337,42303045.14338838
207,282020.3009559225,158238.44337170426,42144806.70001668
208,280965.37800011114,159293.36632751563,41985513.33368916
209,279903.4222245944,160355.32210303238,41825158.01158613
210,278834.3867439075,161424.35758371925,41663733.65400241
211,277758.22436001606,162500.51996761071,41501233.134034805
212,276674.887560232,163583.85676739475,41337649.27726741
213,275584.32851511607,164674.4158125107,41172974.861454904
214,274486.499076366,165772.24525126076,41007202.61620364
215,273381.3507746909,166877.39355293586,40840325.22265071
216,272268.83481767133,167989.90950995544,40672335.31314075
217,271148.902087605,169109.8422400218,40503225.47090073
218,270021.50313933817,170237.2411882886,40332988.22971244
219,268886.5881980829,171372.15612954384,40161616.073582895
220,267744.10715721926,172514.6371704075,39989101.43641249
221,266594.0095760833,173664.7347515435,39815436.701660946
222,265436.2446777396,174822.49964988715,39640614.202011056
223,264270.76134674036,175987.98298088642,39464626.21903017
224,263097.5081268678,177161.23620075895,39287464.982829414
225,261916.43321886274,178342.31110876403,39109122.671720654
226,260727.4844781377,179531.25984948908,38929591.411871165
227,259530.6094124744,180728.13491515236,38748863.276956014
228,258325.75517970676,181932.98914792002,38566930.2878081
229,257112.8685853873,183145.87574223947,38383784.412065856
230,255891.89608043904,184366.84824718774,38199417.56381867
231,254662.78375879113,185595.96056883564,38013821.60324983
232,253425.47735499887,186833.2669726279,37826988.3362772
233,252179.922241848,188078.82208577878,37638909.51419143
234,250926.06342794283,189332.68089968394,37449576.83329174
235,249663.84555527824,190594.89877234853,37258981.93451939
236,248393.2128967959,191865.53143083086,37067116.403088555
237,247114.10935392368,193144.6349737031,36873971.76811485
238,245826.47845409898,194432.2658735278,36679539.50224132
239,244530.26334827545,195728.48097935133,36483811.02126197
240,243225.4068084131,197033.33751921367,36286777.683742754
241,241911.85122495168,198346.8931026751,36088430.79064008
242,240589.53860426717,199669.2057233596,35888761.58491672
243,239258.41056611144,201000.33376151533,35687761.251155205
244,237918.4083410347,202340.33598659208,35485420.91516861
245,236569.47276779075,203689.27155983602,35281731.64360878
246,235211.54429072517,205047.2000369016,35076684.44357188
247,233844.56295714586,206414.18137048092,34870270.2622014
248,232468.46841467597,207790.2759129508,34662479.98628845
249,231083.19990858965,209175.54441903712,34453304.441869415
250,229688.69627912942,210570.04804849735,34242734.39382092
251,228284.89595880613,211973.84836882065,34030760.545452096
252,226871.7369696806,213387.00735794616,33817373.53809415
253,225449.15692062763,214809.58740699914,33602563.95068715
254,224017.09300458097,216241.6513230458,33386322.2993641
255,222575.48199576067,217683.2623318661,33168639.037032235
256,221124.26024688155,219134.48408074523,32949504.55295149
257,219663.36368634325,220595.38064128353,32728909.172310203
258,218192.72781540133,222066.01651222544,32506843.155797977
259,216712.28770531985,223546.45662230693,32283296.69917567
260,215221.97799450444,225036.76633312233,32058259.93284255
261,213721.73288561698,226537.0114420098,31831722.92140054
262,212211.48614267024,228047.25818495653,31603675.66321558
263,210691.17108810387,229567.5732395229,31374108.089976057
264,209160.72059984037,231098.0237277864,31143010.06624827
265,207620.0671083218,232638.67721930498,30910371.389028966
266,206069.14259352643,234189.60173410035,30676181.787294865
267,204507.87858196575,235750.86574566102,30440430.921549205
268,202936.20614366134,237322.53818396543,30203108.38336524
269,201354.05588910158,238904.6884385252,29964203.694926716
270,199761.3579661781,240497.38636144868,29723706.308565266
271,198158.04205710176,242100.702270525,29481605.60629474
272,196544.03737529824,243714.70695232853,29237890.89934241
273,194919.27266228272,245339.47166534406,28992551.427677065
274,193283.67618451375,246975.06814311302,28745576.35953395
275,191637.17573022633,248621.56859740044,28496954.790936552
276,189979.69860624368,250279.0457213831,28246675.74521517
277,188311.1716347678,251947.572692859,27994728.17252231
278,186631.52115014874,253627.22317747804,27741100.949344832
279,184940.6729956322,255318.07133199458,27485782.87801284
280,183238.5525200856,257020.19180754118,27228762.686205298
281,181525.08457470196,258733.6597529248,26970029.026452374
282,179800.1935096825,260458.55081794428,26709570.47563443
283,178063.8031708962,262194.9411567306,26447375.5344777
284,176315.83689651798,263942.90743110876,26183432.627046593
285,174556.21751364393,265702.52681398287,25917730.10023261
286,172784.86733488404,267473.87699274276,25650256.223239865
287,171001.70815493242,269257.03617269435,25380999.18706717
288,169206.66124711445,271052.08308051236,25109947.10398666
289,167399.64735991103,272859.09696771577,24837088.007018942
290,165580.5867134596,274678.1576141672,24562409.849404775
291,163749.3989960318,276509.34533159493,24285900.50407318
292,161906.00336048787,278352.7409671389,24007547.76310604
293,160050.31842070693,280208.4259069199,23727339.33719912
294,158182.26224799413,282076.48207963264,23445262.85511949
295,156301.75236746325,283956.9919601635,23161305.863159325
296,154408.7057543955,285850.0385732313,22875455.824586093
297,152503.03883057393,287755.70549705287,22587700.11908904
298,150584.6674605936,289674.07686703315,22298026.042222008
299,148653.5069481467,291605.23737948004,22006420.804842528
300,146709.47203228352,293549.2722953432,21712871.532547183
301,144752.47688364788,295506.2674439789,21417365.265103206
302,142782.43510068802,297476.30922693876,21119888.95587627
303,140799.25970584177,299459.484621785,20820429.471254483
304,138802.86314169655,301455.8811859302,20518973.590068553
305,136793.15726712366,303465.5870605031,20215508.00300805
306,134770.053353387,305488.6909742398,19910019.31203381
307,132733.46208022538,307525.2822474014,19602494.029786408
308,130683.29353190938,309575.4507957174,19292918.57899069
309,128619.45719327126,311639.2871343555,18981279.291856334
310,126541.86194570888,313716.8823819179,18667562.409474418
311,124450.41606316277,315808.328264464,18351754.081209954
312,122345.02720806636,317913.7171195604,18033840.364090394
313,120225.60242726929,320033.1419003575,17713807.222190037
314,118092.04814793357,322166.6961796932,17391640.526010346
315,115944.2701734023,324314.4741542245,17067326.051856123
316,113782.17367904082,326476.57064858597,16740849.481207537
317,111605.66320805023,328653.0811195765,16412196.40008796
318,109414.64266725307,330844.10166037374,16081352.298427586
319,107209.01532285057,333049.7290047762,15748302.56942281
320,104988.68379615205,335270.0605314747,15413032.508891335
321,102753.55005927556,337505.1942683512,15075527.314622983
322,100503.51543081988,339755.2288968069,14735772.085726177
323,98238.48057150784,342020.26375611895,14393751.821970059
324,95958.34547980038,344300.3988478264,14049451.423122233
325,93663.00948748154,346595.7348401452,13702855.688282087
326,91352.3712552139,348906.37307241285,13353949.315209674
327,89026.32876806449,351232.4155595623,13002716.899650112
328,86684.77933100074,353573.964996626,12649142.934653485
329,84327.61956435656,355931.1247632702,12293211.809890214
330,81954.7453992681,358303.99892835866,11934907.810961856
331,79566.05207307903,360692.6922545477,11574215.118707309
332,77161.43412471538,363097.3102029114,11211117.808504397
333,74740.78539002931,365517.95893759746,10845599.849566799
334,72303.99899711198,367954.7453305148,10477645.104236284
335,69850.96736157523,370407.77696605155,10107237.327270232
336,67381.58218180154,372877.1621458252,9734360.165124407
337,64895.73443416271,375363.00989346404,9358997.155230943
338,62393.31436820628,377865.42995942046,8981131.725271523
339,59874.21150181015,380384.53282581666,8600747.192445707
340,57338.314616304706,382920.42971132207,8217826.762734384
341,54785.51175156256,385473.2325760642,7832353.53015832
342,52215.69020105547,388043.0541265713,7444310.4760317495
343,49628.736506878326,390630.00782074843,7053680.468211001
344,47024.53645474,393234.2078728868,6660446.260338114
345,44402.97506892076,395855.769258706,6264590.491079408
346,41763.93660719605,398494.8077204307,5866095.683358977
347,39107.30455572651,401151.43977190024,5464944.243587077
348,36432.96162391384,403825.78270371293,5061118.460883364
349,33740.789739222426,406517.95458840433,4654600.50629496
350,31030.670041966398,409228.0742856604,4245372.4320093
351,28302.482880061998,411956.26144756476,3833416.1705617355
352,25556.1078037449,414702.63652388187,3418713.5340378536
353,22791.423560252355,417467.3207673744,3001246.2132704793
354,20008.30808846986,420250.43623915693,2580995.7770313225
355,17206.638513542148,423052.10581408464,2157943.6712172376
356,14386.29114144825,425872.4531861785,1732071.218031059
357,11547.141453540393,428711.60287408635,1303359.6151569728
358,8689.064101046484,431569.6802265803,871789.9349303925
359,5811.93289953595,434446.81142809085,437343.1235023017
360,2915.6208233486777,437343.1235042781,-1.9763829186558723e-06
